346782,1,0,0,1,0,1,0,1,0,0,0
346783,1,0,0,0,0,0,0,0,0,0,0
346784,1,0,0,1,0,0,1,4,1,0,1
346785,1,0,0,0,0,0,0,0,0,0,0
346786,1,0,0,0,0,0,0,0,0,0,0
346787,1,0,0,0,0,0,0,1,0,0,0
346788,1,0,0,0,0,0,0,0,0,0,0
346789,1,0,0,0,0,0,0,0,0,0,0
346790,1,0,0,0,0,0,0,0,0,0,0
346791,1,0,0,0,0,0,0,1,1,0,0
346792,1,0,0,2,1,2,1,0,1,0,1
346793,1,0,0,0,0,0,0,0,0,0,0
346794,1,0,0,0,0,0,0,0,1,0,0
346795,1,0,0,0,0,0,0,0,0,2,0
346796,1,0,0,1,1,3,3,2,0,1,1
346797,1,0,0,1,0,0,0,1,0,0,0
346798,1,0,0,0,0,1,0,0,0,0,0
346799,1,0,0,0,2,0,0,0,0,0,0
346800,1,0,0,0,0,0,0,0,1,0,0
346801,1,0,0,0,1,0,0,0,0,0,0
346802,1,0,0,1,0,0,0,0,0,1,0
346803,1,0,0,0,1,1,4,0,0,0,1
346804,1,0,0,0,0,0,0,0,0,0,0
346805,1,0,0,1,0,0,2,0,1,1,1
346806,1,0,0,0,0,0,0,0,0,1,0
346807,1,0,0,0,0,1,0,1,0,0,0
346808,1,0,0,1,0,1,0,2,0,0,0
346809,1,0,0,0,0,0,0,0,0,0,0
346810,1,0,0,0,0,0,0,0,0,1,0
346811,1,0,0,0,0,0,0,0,0,0,0
346812,1,0,0,0,0,2,0,0,0,0,0
346813,1,0,0,0,0,0,0,0,0,0,0
346814,1,0,0,0,0,0,1,0,0,0,0
346815,1,0,0,0,0,1,0,0,0,0,0
346816,1,0,0,0,3,3,1,0,2,0,1
346817,1,0,0,0,0,1,1,0,2,0,1
346818,1,0,0,1,1,0,0,0,0,0,0
346819,1,0,0,0,3,2,1,4,1,0,1
346820,1,0,0,1,1,0,0,0,0,0,0
346821,1,0,0,0,1,3,0,0,0,0,0
346822,1,0,0,0,1,0,1,1,0,0,0
346823,1,0,0,0,0,0,1,0,0,0,0
346824,1,0,0,1,0,0,0,0,0,0,0
346825,1,0,0,0,0,0,0,0,0,1,0
346826,1,0,0,0,0,1,0,1,0,0,0
346827,1,0,0,2,2,0,1,1,2,3,1
346828,1,0,0,0,0,0,0,1,1,0,0
346829,1,0,0,0,0,0,0,1,0,0,0
346830,1,0,0,0,0,1,0,1,0,0,0
346831,1,0,0,0,0,0,0,0,0,0,0
346832,1,0,0,0,1,0,1,0,0,0,0
346833,1,0,0,0,0,0,0,0,0,1,0
346834,1,0,0,0,2,0,3,2,4,1,1
346835,1,0,0,0,0,0,0,0,1,0,0
346836,1,0,0,2,0,0,0,0,0,0,0
346837,1,0,0,1,0,0,2,0,0,0,0
346838,1,0,0,0,0,0,0,0,0,0,0
346839,1,0,0,0,0,1,0,0,0,0,0
346840,1,0,0,0,0,0,0,1,0,0,0
346841,1,0,0,1,0,0,0,0,0,0,0
346842,1,0,0,0,0,0,0,1,0,0,0
346843,1,0,0,1,0,0,1,1,0,0,0
346844,1,0,0,0,0,0,0,1,0,0,0
346845,1,0,0,0,1,0,0,0,0,2,0
346846,1,0,0,0,0,0,0,0,0,0,0
346847,1,0,0,2,3,1,1,1,2,0,1
346848,1,0,0,0,0,1,1,1,1,3,1
346849,1,0,0,0,0,0,0,0,0,2,0
346850,1,0,0,0,0,1,1,0,0,0,0
346851,1,0,0,0,0,1,0,0,0,0,0
346852,1,0,0,1,1,1,0,0,0,0,0
346853,1,0,0,1,0,0,0,0,0,0,0
346854,1,0,0,1,0,1,2,2,1,1,1
346855,1,0,0,1,0,0,0,0,1,0,0
346856,1,0,0,0,0,0,0,0,1,0,0
346857,1,0,0,1,3,0,1,3,4,0,1
346858,1,0,0,2,1,2,2,4,1,1,1
346859,1,0,0,0,0,2,0,2,1,2,1
346860,1,0,0,0,1,0,0,0,0,0,0
346861,1,0,0,1,0,1,2,1,1,0,1
346862,1,0,0,0,1,0,0,1,0,0,0
346863,1,0,0,0,0,1,0,0,0,0,0
346864,1,0,0,0,2,0,0,0,0,0,0
346865,1,0,0,1,0,0,1,0,0,0,0
346866,1,0,0,0,0,0,1,0,0,1,0
346867,1,0,0,1,2,0,1,1,5,2,1
346868,1,0,0,0,0,0,0,0,0,0,0
346869,1,0,0,0,0,0,0,0,0,0,0
346870,1,0,0,0,1,2,1,0,1,2,1
346871,1,0,0,1,0,0,0,0,0,0,0
346872,1,0,0,0,0,0,0,0,0,0,0
346873,1,0,0,0,1,1,0,0,0,0,0
346874,1,0,0,0,0,0,0,0,1,0,0
346875,1,0,0,0,0,0,0,0,0,0,0
346876,1,0,0,1,0,0,0,1,0,1,0
346877,1,0,0,0,1,1,0,0,1,1,1
346878,1,0,0,0,0,0,0,1,0,0,0
346879,1,0,0,0,0,1,0,0,0,0,0
346880,1,0,0,0,1,0,0,0,0,0,0
346881,1,0,0,2,1,3,0,1,2,1,1
346882,1,0,0,0,0,1,1,0,1,0,0
346883,1,0,0,0,0,0,0,0,0,0,0
346884,1,0,0,0,0,0,0,0,0,2,0
346885,1,0,0,1,1,2,0,0,3,2,1
346886,1,0,0,1,0,0,0,0,0,0,0
346887,1,0,0,0,0,0,0,0,1,0,0
346888,1,0,0,1,0,0,1,0,0,0,0
346889,1,0,0,0,0,0,0,0,0,0,0
346890,1,0,0,2,0,0,1,2,1,1,1
346891,1,0,0,0,0,0,0,1,1,0,0
346892,1,0,0,1,2,2,1,3,1,1,1
346893,1,0,0,0,0,0,0,1,0,0,0
346894,1,0,0,0,0,0,0,0,0,0,0
346895,1,0,0,0,0,0,0,0,0,0,0
346896,1,0,0,0,0,1,0,0,0,0,0
346897,1,0,0,0,0,0,0,0,1,0,0
346898,1,0,0,2,2,0,2,2,1,2,1
346899,1,0,0,0,0,1,0,0,0,2,0
346900,1,0,0,0,0,0,0,0,1,0,0
346901,1,0,0,0,2,0,1,1,0,0,1
346902,1,0,0,1,0,0,2,0,3,1,1
346903,1,0,0,0,0,0,0,1,0,0,0
346904,1,0,0,0,0,0,0,0,0,1,0
346905,1,0,0,0,1,0,0,0,0,1,0
346906,1,0,0,0,0,0,0,0,0,1,0
346907,1,0,0,0,0,0,0,0,0,0,0
346908,1,0,0,0,0,0,0,0,0,1,0
346909,1,0,0,0,0,0,0,0,0,0,0
346910,1,0,0,0,1,0,0,1,1,1,0
346911,1,0,0,0,0,0,0,0,1,0,0
346912,1,0,0,2,1,1,1,1,2,0,1
346913,1,0,0,0,0,0,0,0,0,0,0
346914,1,0,0,1,1,0,0,2,0,0,0
346915,1,0,0,0,0,0,0,0,1,0,0
346916,1,0,0,0,0,0,0,0,0,0,0
346917,1,0,0,0,0,0,0,0,0,0,0
346918,1,0,0,0,1,0,0,0,1,1,0
346919,1,0,0,1,1,0,0,0,0,0,0
346920,1,0,0,0,0,0,0,0,1,0,0
346921,1,0,0,0,0,0,0,0,1,0,0
346922,1,0,0,0,0,0,0,0,0,0,0
346923,1,0,0,0,0,0,1,0,1,0,0
346924,1,0,0,0,1,0,0,0,2,0,0
346925,1,0,0,0,0,0,0,0,0,0,0
346926,1,0,0,0,1,2,1,2,1,0,1
346927,1,0,0,2,0,0,1,0,0,1,0
346928,1,0,0,0,0,1,0,0,0,0,0
346929,1,0,0,0,0,0,0,0,1,0,0
346930,1,0,0,0,0,0,0,1,0,0,0
346931,1,0,0,0,0,0,0,0,1,1,0
346932,1,0,0,0,0,0,1,0,0,1,0
346933,1,0,0,1,0,1,0,0,0,0,0
346934,1,0,0,1,0,0,0,0,0,1,0
346935,1,0,0,0,1,1,2,1,1,3,1
346936,1,0,0,0,0,0,1,0,0,0,0
346937,1,0,0,1,0,0,1,2,2,2,1
346938,1,0,0,0,0,0,0,0,0,0,0
346939,1,0,0,1,0,0,1,0,1,0,0
346940,1,0,0,1,0,0,0,0,0,0,0
346941,1,0,0,0,0,0,1,1,1,0,0
346942,1,0,0,0,0,0,0,0,1,0,0
346943,1,0,0,0,0,0,0,0,0,0,0
346944,1,0,0,0,0,0,1,0,0,1,0
346945,1,0,0,2,2,0,2,1,2,3,1
346946,1,0,0,0,1,1,0,3,2,2,1
346947,1,0,0,0,0,0,0,0,0,1,0
346948,1,0,0,0,0,1,0,1,0,0,0
346949,1,0,0,0,0,0,0,0,1,0,0
346950,1,0,0,2,0,2,1,4,1,0,1
346951,1,0,0,0,1,0,0,0,1,0,0
346952,1,0,0,0,0,0,1,0,1,0,0
346953,1,0,0,0,0,1,0,0,0,1,0
346954,1,0,0,1,0,0,1,0,0,0,0
346955,1,0,0,0,0,0,0,0,0,0,0
346956,1,0,0,0,0,1,0,0,0,0,0
346957,1,0,0,2,0,0,0,0,0,0,0
346958,1,0,0,0,0,0,1,0,0,0,0
346959,1,0,0,0,0,0,0,0,0,0,0
346960,1,0,0,1,1,3,1,1,0,2,1
346961,1,0,0,0,0,0,0,0,0,0,0
346962,1,0,0,0,0,0,0,0,0,1,0
346963,1,0,0,1,1,0,1,3,3,2,1
346964,1,0,0,0,0,0,0,1,0,0,0
346965,1,0,0,1,1,2,2,2,1,0,1
346966,1,0,0,0,1,0,0,0,0,0,0
346967,1,0,0,2,0,1,0,0,2,2,1
346968,1,0,0,0,0,0,0,0,0,0,0
346969,1,0,0,0,0,0,0,0,0,1,0
346970,1,0,0,1,1,1,3,1,1,0,1
346971,1,0,0,0,1,0,0,0,0,0,0
346972,1,0,0,0,1,1,0,0,0,0,0
346973,1,0,0,0,0,0,0,0,0,2,0
346974,1,0,0,0,0,0,2,0,0,0,0
346975,1,0,0,2,3,1,3,2,1,3,1
346976,1,0,0,0,1,0,1,0,2,0,0
346977,1,0,0,0,0,1,0,1,0,0,0
346978,1,0,0,0,0,0,0,0,0,0,0
346979,1,0,0,0,0,1,0,0,0,0,0
346980,1,0,0,0,0,0,0,0,1,0,0
346981,1,0,0,0,0,0,1,1,0,0,0
346982,1,0,0,2,0,0,1,0,0,0,0
346983,1,0,0,0,0,0,0,1,0,0,0
346984,1,0,0,2,3,1,3,3,0,1,1
346985,1,0,0,1,0,0,0,0,0,0,0
346986,1,0,0,0,0,0,0,0,0,0,0
346987,1,0,0,1,0,1,3,1,1,2,1
346988,1,0,0,0,0,0,0,1,0,0,0
346989,1,0,0,1,0,0,0,0,2,0,0
346990,1,0,0,0,0,1,0,1,0,0,0
346991,1,0,0,1,0,1,1,1,0,2,1
346992,1,0,0,0,1,1,0,0,1,0,0
346993,1,0,0,1,0,0,0,0,0,0,0
346994,1,0,0,2,1,2,0,0,2,2,1
346995,1,0,0,1,2,0,0,0,0,0,0
346996,1,0,0,1,0,0,0,0,1,1,0
346997,1,0,0,2,0,0,4,0,2,3,1
346998,1,0,0,0,1,0,0,0,0,1,0
346999,1,0,0,1,0,2,1,2,1,0,1
347000,1,0,0,0,2,2,0,0,2,0,1
347001,1,0,0,0,1,0,0,0,0,0,0
347002,1,0,0,0,1,0,0,0,1,0,0
347003,1,0,0,0,0,0,0,0,0,0,0
347004,1,0,0,0,1,0,0,0,0,0,0
347005,1,0,0,1,0,0,0,1,0,0,0
347006,1,0,0,1,1,1,1,0,1,1,1
347007,1,0,0,1,0,0,0,0,0,0,0
347008,1,0,0,0,1,0,0,0,1,0,0
347009,1,0,0,0,0,0,0,0,0,1,0
347010,1,0,0,0,0,0,0,0,0,0,0
347011,1,0,0,0,0,0,0,0,0,0,0
347012,1,0,0,0,1,0,0,0,0,1,0
347013,1,0,0,0,0,0,0,0,1,0,0
347014,1,0,0,0,0,2,0,0,0,0,0
347015,1,0,0,0,0,0,0,0,0,0,0
347016,1,0,0,0,0,0,0,0,0,1,0
347017,1,0,0,0,2,2,2,1,0,1,1
347018,1,0,0,0,0,1,0,0,0,0,0
347019,1,0,0,0,0,1,0,0,0,0,0
347020,1,0,0,3,1,2,0,0,0,1,1
347021,1,0,0,0,0,0,1,0,0,0,0
347022,1,0,0,0,0,2,2,3,2,2,1
347023,1,0,0,0,0,0,0,0,1,2,0
347024,1,0,0,0,0,0,0,1,0,0,0
347025,1,0,0,0,0,0,0,0,0,0,0
347026,1,0,0,0,0,0,0,0,0,0,0
347027,1,0,0,0,0,0,0,0,0,1,0
347028,1,0,0,0,0,0,0,0,0,0,0
347029,1,0,0,0,0,0,0,0,0,0,0
347030,1,0,0,0,0,0,0,0,0,1,0
347031,1,0,0,0,0,0,0,0,0,0,0
347032,1,0,0,0,0,0,0,0,1,1,0
347033,1,0,0,0,0,0,0,0,0,0,0
347034,1,0,0,2,1,1,1,0,2,3,1
347035,1,0,0,0,0,0,0,0,0,2,0
347036,1,0,0,0,1,0,0,0,0,1,0
347037,1,0,0,0,0,0,0,0,0,0,0
347038,1,0,0,1,1,0,0,0,0,0,0
347039,1,0,0,0,0,0,1,1,0,0,0
347040,1,0,0,1,1,0,0,0,0,0,0
347041,1,0,0,0,0,0,0,1,1,0,0
347042,1,0,0,0,0,0,1,0,0,0,0
347043,1,0,0,0,0,0,0,0,0,0,0
347044,1,0,0,0,0,0,1,0,0,1,0
347045,1,0,0,0,0,0,0,0,1,0,0
347046,1,0,0,0,0,0,0,0,0,0,0
347047,1,0,0,0,0,3,1,1,2,0,1
347048,1,0,0,0,0,1,0,0,1,1,0
347049,1,0,0,1,2,1,0,0,0,0,0
347050,1,0,0,0,0,0,0,0,0,1,0
347051,1,0,0,4,1,0,1,0,0,1,1
347052,1,0,0,0,0,0,1,1,0,0,0
347053,1,0,0,1,1,0,0,2,0,3,1
347054,1,0,0,2,1,0,2,2,0,1,1
347055,1,0,0,0,0,0,0,1,1,0,0
347056,1,0,0,0,0,0,0,0,0,0,0
347057,1,0,0,1,0,0,2,0,0,0,0
347058,1,0,0,1,1,1,0,3,1,1,1
347059,1,0,0,0,0,1,0,0,0,0,0
347060,1,0,0,0,2,2,2,1,0,3,1
347061,1,0,0,0,0,0,0,0,0,0,0
347062,1,0,0,0,0,1,0,0,0,0,0
347063,1,0,0,1,1,0,2,0,1,0,1
347064,1,0,0,0,0,0,0,0,2,0,0
347065,1,0,0,0,0,0,0,1,0,1,0
347066,1,0,0,0,0,0,0,0,0,0,0
347067,1,0,0,0,0,0,1,0,0,0,0
347068,1,0,0,1,1,2,2,3,1,2,1
347069,1,0,0,0,2,0,0,0,0,0,0
347070,1,0,0,0,1,2,0,1,0,0,0
347071,1,0,0,1,1,1,0,0,0,0,0
347072,1,0,0,0,2,0,3,0,2,3,1
347073,1,0,0,0,0,0,0,0,0,0,0
347074,1,0,0,0,0,0,0,0,0,0,0
347075,1,0,0,0,0,0,0,0,1,0,0
347076,1,0,0,0,0,0,0,0,0,1,0
347077,1,0,0,0,1,1,0,1,1,0,0
347078,1,0,0,0,0,0,0,0,0,0,0
347079,1,0,0,0,0,0,1,0,0,0,0
347080,1,0,0,0,0,0,0,0,1,0,0
347081,1,0,0,0,0,0,0,0,0,0,0
347082,1,0,0,1,0,0,0,0,0,0,0
347083,1,0,0,0,1,0,0,1,0,0,0
347084,1,0,0,0,0,0,0,1,0,0,0
347085,1,0,0,0,0,0,0,0,0,1,0
347086,1,0,0,0,1,0,0,0,0,0,0
347087,1,0,0,0,0,0,1,2,0,2,0
347088,1,0,0,1,1,0,0,0,0,0,0
347089,1,0,0,0,0,0,1,0,0,1,0
347090,1,0,0,1,0,0,0,0,0,1,0
347091,1,0,0,2,0,1,2,0,1,0,1
347092,1,0,0,0,0,0,1,0,1,0,0
347093,1,0,0,0,1,0,0,1,0,0,0
347094,1,0,0,0,0,0,0,0,1,0,0
347095,1,0,0,2,1,0,1,0,1,0,0
347096,1,0,0,0,0,1,0,0,0,0,0
347097,1,0,0,0,0,1,0,0,0,0,0
347098,1,0,0,1,0,0,0,0,0,0,0
347099,1,0,0,0,0,0,0,0,0,1,0
347100,1,0,0,0,0,0,0,0,0,1,0
347101,1,0,0,3,0,1,1,2,1,3,1
347102,1,0,0,0,0,0,0,0,0,1,0
347103,1,0,0,2,1,1,0,0,3,2,1
347104,1,0,0,0,0,0,0,1,0,0,0
347105,1,0,0,0,0,0,2,0,0,1,1
347106,1,0,0,2,2,0,1,3,2,3,1
347107,1,0,0,1,0,2,1,0,0,3,1
347108,1,0,0,0,0,0,0,0,0,0,0
347109,1,0,0,1,0,0,0,0,0,2,0
347110,1,0,0,0,0,0,1,1,3,1,1
347111,1,0,0,3,0,1,1,1,3,2,1
347112,1,0,0,2,1,0,2,1,1,2,1
347113,1,0,0,0,0,0,0,0,0,0,0
347114,1,0,0,0,1,1,0,0,0,0,0
347115,1,0,0,0,1,1,0,0,0,0,0
347116,1,0,0,0,0,0,3,0,0,0,0
347117,1,0,0,0,0,0,0,0,0,0,0
347118,1,0,0,0,1,0,0,0,1,1,0
347119,1,0,0,0,0,1,1,0,0,0,0
347120,1,0,0,0,0,0,2,2,2,0,1
347121,1,0,0,0,0,1,0,0,0,1,0
347122,1,0,0,1,0,0,0,0,2,0,0
347123,1,0,0,1,0,0,0,1,0,1,0
347124,1,0,0,2,0,0,4,0,4,0,1
347125,1,0,0,1,2,0,1,1,1,0,0
347126,1,0,0,0,1,1,1,3,1,2,1
347127,1,0,0,0,0,0,3,0,0,0,0
347128,1,0,0,0,0,1,0,1,0,0,0
347129,1,0,0,0,0,1,0,0,0,0,0
347130,1,0,0,2,0,0,0,0,0,0,0
347131,1,0,0,0,0,0,0,0,0,0,0
347132,1,0,0,0,0,0,0,1,1,0,0
347133,1,0,0,0,0,0,0,1,0,0,0
347134,1,0,0,0,0,0,0,0,0,0,0
347135,1,0,0,0,0,1,0,0,0,0,0
347136,1,0,0,0,0,0,0,0,1,0,0
347137,1,0,0,0,0,0,0,0,0,0,0
347138,1,0,0,1,0,1,1,3,2,1,1
347139,1,0,0,0,0,0,0,0,0,0,0
347140,1,0,0,0,0,1,0,0,0,0,0
347141,1,0,0,0,0,0,0,0,0,1,0
347142,1,0,0,1,0,0,0,0,0,0,0
347143,1,0,0,0,0,0,1,1,0,0,0
347144,1,0,0,0,0,1,0,0,0,0,0
347145,1,0,0,3,0,0,0,1,3,0,1
347146,1,0,0,0,0,2,0,1,1,3,1
347147,1,0,0,0,0,0,0,0,1,0,0
347148,1,0,0,0,0,0,0,0,0,1,0
347149,1,0,0,1,0,1,0,0,0,0,0
347150,1,0,0,0,0,0,0,1,0,0,0
347151,1,0,0,1,0,1,1,1,0,0,0
347152,1,0,0,0,0,1,0,0,1,0,0
347153,1,0,0,0,0,1,0,2,1,3,1
347154,1,0,0,0,0,0,0,0,0,0,0
347155,1,0,0,1,1,1,0,2,1,0,0
347156,1,0,0,0,1,2,0,0,0,1,0
347157,1,0,0,1,0,0,0,2,0,0,0
347158,1,0,0,0,0,1,0,0,0,0,0
347159,1,0,0,0,0,0,0,0,0,0,0
347160,1,0,0,1,0,1,0,0,0,0,0
347161,1,0,0,0,0,0,0,0,0,0,0
347162,1,0,0,1,2,1,2,2,1,1,1
347163,1,0,0,0,0,0,0,0,0,0,0
347164,1,0,0,1,0,0,1,0,0,1,0
347165,1,0,0,0,0,0,1,0,0,1,0
347166,1,0,0,1,0,1,0,0,0,0,0
347167,1,0,0,0,1,0,0,1,0,1,1
347168,1,0,0,1,0,3,1,0,1,1,1
347169,1,0,0,2,0,4,1,5,1,1,1
347170,1,0,0,0,0,0,0,0,0,0,0
347171,1,0,0,0,1,1,1,0,0,3,1
347172,1,0,0,1,0,0,0,0,0,0,0
347173,1,0,0,0,2,1,0,3,1,3,1
347174,1,0,0,0,0,1,0,0,0,0,0
347175,1,0,0,0,0,0,1,1,0,1,0
347176,1,0,0,0,0,0,0,0,0,0,0
347177,1,0,0,1,1,0,0,0,0,0,0
347178,1,0,0,0,1,0,0,0,0,0,0
347179,1,0,0,1,1,1,1,0,0,0,0
347180,1,0,0,0,1,0,1,0,0,0,0
347181,1,0,0,2,0,0,1,0,0,1,0
347182,1,0,0,0,0,0,1,0,0,0,0
347183,1,0,0,0,0,0,0,0,0,1,0
347184,1,0,0,0,0,0,0,0,1,0,0
347185,1,0,0,0,0,0,0,0,0,0,0
347186,1,0,0,0,0,0,0,0,0,0,0
347187,1,0,0,0,1,0,4,0,1,1,1
347188,1,0,0,0,0,1,0,0,0,0,0
347189,1,0,0,1,0,0,0,1,0,0,0
347190,1,0,0,0,0,0,0,0,0,1,0
347191,1,0,0,0,0,0,0,0,0,0,0
347192,1,0,0,0,0,0,0,0,0,0,0
347193,1,0,0,1,1,0,0,0,2,2,1
347194,1,0,0,0,1,1,0,0,1,0,0
347195,1,0,0,0,0,0,0,0,0,0,0
347196,1,0,0,0,0,1,0,0,0,0,0
347197,1,0,0,0,0,0,0,0,0,0,0
347198,1,0,0,0,0,1,0,0,0,0,0
347199,1,0,0,0,0,0,0,0,0,0,0
347200,1,0,0,2,0,1,0,1,0,0,0
347201,1,0,0,1,0,0,0,1,0,0,0
347202,1,0,0,0,0,0,0,0,0,1,0
347203,1,0,0,1,2,0,0,1,1,0,1
347204,1,0,0,0,1,0,0,0,0,0,0
347205,1,0,0,1,1,0,0,0,1,0,0
347206,1,0,0,0,0,0,0,0,0,0,0
347207,1,0,0,0,1,2,0,0,1,0,0
347208,1,0,0,0,1,0,0,0,1,0,0
347209,1,0,0,1,1,3,1,1,0,2,1
347210,1,0,0,0,0,0,0,0,0,0,0
347211,1,0,0,3,0,2,0,2,1,3,1
347212,1,0,0,1,2,2,0,1,1,1,1
347213,1,0,0,0,0,0,0,0,0,0,0
347214,1,0,0,0,0,1,0,0,0,0,0
347215,1,0,0,0,3,1,1,1,0,4,1
347216,1,0,0,0,0,0,0,1,0,0,0
347217,1,0,0,0,0,0,1,0,0,0,0
347218,1,0,0,0,0,0,2,0,0,0,0
347219,1,0,0,0,0,0,0,0,0,0,0
347220,1,0,0,0,0,0,0,0,1,2,0
347221,1,0,0,1,0,2,0,0,1,2,1
347222,1,0,0,0,1,0,0,0,1,1,0
347223,1,0,0,1,0,0,1,0,0,0,0
347224,1,0,0,0,1,0,0,0,1,0,0
347225,1,0,0,0,2,0,0,0,0,1,0
347226,1,0,0,1,0,0,0,0,0,0,0
347227,1,0,0,0,0,0,1,0,0,0,0
347228,1,0,0,1,0,0,1,0,1,0,0
347229,1,0,0,0,0,0,0,0,0,0,0
347230,1,0,0,0,0,0,1,1,1,2,0
347231,1,0,0,0,0,1,0,0,0,0,0
347232,1,0,0,1,1,0,1,1,2,0,1
347233,1,0,0,0,0,0,0,0,1,0,0
347234,1,0,0,1,0,0,0,0,0,1,0
347235,1,0,0,0,0,0,1,0,0,0,0
347236,1,0,0,0,1,0,0,3,1,0,0
347237,1,0,0,0,0,0,0,0,0,0,0
347238,1,0,0,0,0,0,0,0,0,0,0
347239,1,0,0,1,0,0,0,0,1,0,0
347240,1,0,0,0,1,1,0,0,2,1,1
347241,1,0,0,1,0,0,0,0,0,1,0
347242,1,0,0,0,0,0,0,0,0,0,0
347243,1,0,0,0,0,2,1,1,2,1,1
347244,1,0,0,2,1,0,1,0,0,0,0
347245,1,0,0,0,1,0,0,0,0,0,0
347246,1,0,0,0,0,2,0,0,1,1,0
347247,1,0,0,1,0,2,0,0,0,1,0
347248,1,0,0,0,0,0,1,0,0,0,0
347249,1,0,0,3,1,1,1,2,2,1,1
347250,1,0,0,0,0,1,0,1,0,0,0
347251,1,0,0,2,0,1,0,0,2,1,1
347252,1,0,0,0,0,0,0,1,0,0,0
347253,1,0,0,0,2,1,0,0,0,0,0
347254,1,0,0,0,2,2,1,1,1,0,1
347255,1,0,0,0,0,1,0,0,0,0,0
347256,1,0,0,2,2,2,4,0,3,5,1
347257,1,0,0,0,0,0,0,0,0,0,0
347258,1,0,0,0,0,1,1,0,0,0,0
347259,1,0,0,0,2,1,1,3,1,0,1
347260,1,0,0,0,0,0,0,0,0,1,0
347261,1,0,0,0,0,0,0,0,0,0,0
347262,1,0,0,0,5,2,2,2,1,1,1
347263,1,0,0,4,1,2,1,2,0,0,1
347264,1,0,0,0,0,0,0,0,0,0,0
347265,1,0,0,0,0,0,0,2,0,0,0
347266,1,0,0,0,0,0,0,0,0,0,0
347267,1,0,0,0,0,0,0,1,0,0,0
347268,1,0,0,0,1,0,1,1,1,0,0
347269,1,0,0,0,0,0,0,1,0,0,0
347270,1,0,0,0,0,0,1,0,0,0,0
347271,1,0,0,0,0,0,0,1,0,0,0
347272,1,0,0,0,0,0,0,0,0,0,0
347273,1,0,0,0,0,0,0,0,0,0,0
347274,1,0,0,0,0,0,0,0,0,1,0
347275,1,0,0,1,1,0,0,1,1,0,0
347276,1,0,0,0,0,0,1,1,0,0,0
347277,1,0,0,0,0,0,1,1,0,0,0
347278,1,0,0,1,1,1,0,1,1,0,1
347279,1,0,0,1,1,0,2,2,0,0,1
347280,1,0,0,0,2,0,0,0,0,0,0
347281,1,0,0,0,0,1,0,0,1,1,0
347282,0,1,0,3,1,0,0,0,1,3,1
347283,0,1,0,0,0,1,0,0,1,0,0
347284,0,1,0,0,0,0,0,0,0,0,0
347285,0,1,0,0,0,0,0,0,0,1,0
347286,0,1,0,0,0,0,0,0,1,0,0
347287,0,1,0,0,0,0,0,0,0,0,0
347288,0,1,0,0,0,1,0,0,1,1,0
347289,0,1,0,0,0,0,0,0,0,0,0
347290,0,1,0,0,0,0,0,0,0,2,0
347291,0,1,0,1,2,1,4,2,2,0,1
347292,0,1,0,0,1,0,0,0,0,0,0
347293,0,1,0,0,0,0,0,0,0,0,0
347294,0,1,0,1,0,0,0,0,0,0,0
347295,0,1,0,0,0,2,0,0,2,0,0
347296,0,1,0,0,0,0,0,1,0,0,0
347297,0,1,0,0,0,0,0,0,0,0,0
347298,0,1,0,0,0,0,0,0,0,0,0
347299,0,1,0,0,0,0,0,0,0,0,0
347300,0,1,0,1,0,0,0,0,0,0,0
347301,0,1,0,0,0,0,0,0,0,1,0
347302,0,1,0,0,0,0,0,0,0,0,0
347303,0,1,0,0,0,0,0,0,0,0,0
347304,0,1,0,0,0,0,1,0,0,0,0
347305,0,1,0,0,0,0,0,0,0,0,0
347306,0,1,0,1,2,0,1,3,4,1,1
347307,0,1,0,1,0,0,0,1,0,0,0
347308,0,1,0,0,1,0,0,0,2,0,0
347309,0,1,0,0,0,0,0,0,1,0,0
347310,0,1,0,0,0,0,0,0,0,0,0
347311,0,1,0,1,0,1,0,0,0,0,0
347312,0,1,0,1,1,1,0,0,2,1,0
347313,0,1,0,1,0,1,2,1,2,0,1
347314,0,1,0,2,0,0,1,2,1,2,1
347315,0,1,0,0,0,0,0,1,0,0,0
347316,0,1,0,1,0,0,0,1,0,1,0
347317,0,1,0,0,2,1,0,4,2,2,1
347318,0,1,0,1,1,1,0,1,0,2,1
347319,0,1,0,0,1,0,0,1,0,1,0
347320,0,1,0,0,0,1,0,0,0,0,0
347321,0,1,0,1,0,0,0,0,0,0,0
347322,0,1,0,0,0,0,0,1,0,1,0
347323,0,1,0,0,0,0,0,0,0,0,0
347324,0,1,0,0,0,1,1,0,1,2,0
347325,0,1,0,1,1,0,0,0,1,0,0
347326,0,1,0,0,1,4,1,2,1,0,1
347327,0,1,0,1,0,0,0,0,0,0,0
347328,0,1,0,0,0,0,0,0,2,0,0
347329,0,1,0,0,0,0,0,0,1,0,0
347330,0,1,0,0,1,0,0,0,0,0,0
347331,0,1,0,0,0,0,0,0,0,0,0
347332,0,1,0,0,0,0,0,0,0,0,0
347333,0,1,0,0,1,0,0,1,0,0,0
347334,0,1,0,1,2,1,0,0,0,0,0
347335,0,1,0,0,0,0,0,0,0,0,0
347336,0,1,0,1,1,0,2,0,0,0,0
347337,0,1,0,1,2,4,1,0,2,1,1
347338,0,1,0,2,4,2,2,1,2,2,1
347339,0,1,0,0,0,0,0,0,0,0,0
347340,0,1,0,1,0,0,0,0,0,0,0
347341,0,1,0,0,0,0,1,0,0,0,0
347342,0,1,0,0,0,0,0,0,0,0,0
347343,0,1,0,2,3,1,0,0,2,3,1
347344,0,1,0,0,0,0,0,0,0,0,0
347345,0,1,0,0,1,0,1,0,0,0,0
347346,0,1,0,0,1,0,0,0,1,0,0
347347,0,1,0,0,0,0,0,0,0,0,0
347348,0,1,0,0,0,1,0,1,0,0,0
347349,0,1,0,0,0,0,0,0,1,0,0
347350,0,1,0,1,1,0,0,3,0,0,1
347351,0,1,0,0,0,0,0,0,0,0,0
347352,0,1,0,0,0,0,0,1,0,0,0
347353,0,1,0,0,0,1,1,0,1,0,0
347354,0,1,0,0,0,0,0,0,0,0,0
347355,0,1,0,0,0,0,0,1,0,0,0
347356,0,1,0,1,1,0,0,1,1,0,0
347357,0,1,0,1,0,0,1,0,2,0,0
347358,0,1,0,0,0,1,2,1,1,0,1
347359,0,1,0,1,2,1,1,1,2,1,1
347360,0,1,0,0,1,0,0,0,0,0,0
347361,0,1,0,1,0,0,0,1,0,0,0
347362,0,1,0,1,2,1,1,1,1,1,1
347363,0,1,0,0,0,1,2,0,0,0,0
347364,0,1,0,2,3,1,2,2,1,0,1
347365,0,1,0,0,0,0,0,0,0,0,0
347366,0,1,0,0,0,0,1,1,0,0,0
347367,0,1,0,0,0,0,0,0,0,0,0
347368,0,1,0,0,0,0,0,1,0,1,0
347369,0,1,0,0,0,2,0,1,1,0,0
347370,0,1,0,0,0,0,0,1,0,0,0
347371,0,1,0,0,0,1,0,0,0,0,0
347372,0,1,0,0,0,0,0,0,1,0,0
347373,0,1,0,1,0,1,0,2,2,1,1
347374,0,1,0,0,0,0,0,0,0,0,0
347375,0,1,0,0,0,0,0,0,1,0,0
347376,0,1,0,1,2,0,0,1,1,0,0
347377,0,1,0,0,0,1,0,0,0,0,0
347378,0,1,0,0,0,0,0,2,1,0,0
347379,0,1,0,0,0,0,0,0,0,0,0
347380,0,1,0,0,1,0,1,0,0,0,0
347381,0,1,0,0,0,1,0,1,0,0,0
347382,0,1,0,0,0,0,0,0,0,0,0
347383,0,1,0,0,0,0,1,0,0,1,0
347384,0,1,0,0,0,0,0,0,0,0,0
347385,0,1,0,0,0,0,0,0,1,0,0
347386,0,1,0,0,0,0,0,0,0,0,0
347387,0,1,0,0,0,1,0,0,0,0,0
347388,0,1,0,0,1,0,0,0,0,1,0
347389,0,1,0,0,1,1,0,0,0,0,0
347390,0,1,0,0,0,0,1,0,0,0,0
347391,0,1,0,0,0,0,0,1,1,0,0
347392,0,1,0,0,1,0,0,0,0,1,0
347393,0,1,0,0,0,0,0,1,0,0,0
347394,0,1,0,0,0,1,0,0,0,0,0
347395,0,1,0,1,0,0,0,1,0,1,0
347396,0,1,0,1,0,0,2,0,1,0,0
347397,0,1,0,0,0,1,1,0,0,0,0
347398,0,1,0,0,0,0,0,0,0,0,0
347399,0,1,0,4,2,2,1,1,1,2,1
347400,0,1,0,0,1,0,1,0,0,1,0
347401,0,1,0,1,1,0,1,0,1,0,0
347402,0,1,0,0,0,2,0,0,1,0,0
347403,0,1,0,0,1,0,0,0,0,0,0
347404,0,1,0,0,0,0,0,1,1,0,0
347405,0,1,0,1,0,2,1,2,1,0,1
347406,0,1,0,0,0,0,0,0,0,0,0
347407,0,1,0,0,0,0,0,1,1,0,0
347408,0,1,0,0,0,0,0,0,1,0,0
347409,0,1,0,0,0,0,1,1,0,0,0
347410,0,1,0,0,0,0,0,0,0,0,0
347411,0,1,0,0,1,0,0,0,2,2,0
347412,0,1,0,1,0,0,0,0,0,0,0
347413,0,1,0,1,0,0,0,0,0,1,0
347414,0,1,0,1,0,0,0,0,0,0,0
347415,0,1,0,1,1,1,0,0,0,0,0
347416,0,1,0,0,0,1,1,0,0,0,0
347417,0,1,0,0,0,1,0,0,1,1,0
347418,0,1,0,0,0,0,0,0,0,0,0
347419,0,1,0,0,0,0,0,0,0,0,0
347420,0,1,0,0,0,0,0,1,0,0,0
347421,0,1,0,1,2,3,1,1,0,1,1
347422,0,1,0,0,0,0,0,0,0,0,0
347423,0,1,0,1,1,0,0,0,0,0,0
347424,0,1,0,1,0,1,0,0,1,1,0
347425,0,1,0,0,0,0,1,0,0,0,0
347426,0,1,0,0,0,1,0,0,0,0,0
347427,0,1,0,0,0,0,0,0,0,0,0
347428,0,1,0,0,0,0,0,0,0,0,0
347429,0,1,0,0,0,0,0,0,1,0,0
347430,0,1,0,3,1,0,0,1,1,0,1
347431,0,1,0,1,1,0,1,0,2,2,1
347432,0,1,0,0,0,0,0,0,1,0,0
347433,0,1,0,1,0,0,0,1,0,0,0
347434,0,1,0,0,0,0,0,0,0,0,0
347435,0,1,0,0,0,0,2,0,1,2,1
347436,0,1,0,0,0,0,0,0,0,1,0
347437,0,1,0,0,0,1,0,1,0,1,0
347438,0,1,0,0,0,1,0,0,1,0,0
347439,0,1,0,0,0,0,0,1,0,0,0
347440,0,1,0,0,0,0,0,0,0,0,0
347441,0,1,0,0,0,0,0,0,1,0,0
347442,0,1,0,0,1,1,0,0,0,0,0
347443,0,1,0,0,0,1,2,0,0,0,0
347444,0,1,0,1,0,0,0,0,0,0,0
347445,0,1,0,0,1,0,0,0,0,0,0
347446,0,1,0,1,0,0,0,0,0,0,0
347447,0,1,0,0,2,0,2,0,4,0,1
347448,0,1,0,0,1,0,0,0,0,0,0
347449,0,1,0,0,0,0,0,0,0,0,0
347450,0,1,0,2,0,0,0,0,0,1,0
347451,0,1,0,0,0,0,1,0,0,1,0
347452,0,1,0,1,0,0,2,1,1,2,1
347453,0,1,0,0,0,0,0,0,0,0,0
347454,0,1,0,0,0,0,0,0,0,0,0
347455,0,1,0,0,0,1,0,1,0,1,0
347456,0,1,0,1,0,3,0,2,0,3,1
347457,0,1,0,0,0,0,0,0,0,1,0
347458,0,1,0,0,0,0,0,0,0,0,0
347459,0,1,0,4,1,1,1,1,1,1,1
347460,0,1,0,0,0,0,0,0,0,0,0
347461,0,1,0,1,0,0,0,0,1,1,0
347462,0,1,0,0,0,1,0,1,0,0,0
347463,0,1,0,0,0,0,0,0,0,0,0
347464,0,1,0,0,4,2,1,2,1,1,1
347465,0,1,0,0,0,1,0,0,0,1,0
347466,0,1,0,0,0,0,0,0,0,0,0
347467,0,1,0,0,0,0,1,0,0,0,0
347468,0,1,0,1,1,1,0,1,2,0,0
347469,0,1,0,5,0,1,2,1,1,3,1
347470,0,1,0,2,1,4,2,2,0,1,1
347471,0,1,0,0,0,0,0,0,0,0,0
347472,0,1,0,0,0,0,0,0,0,0,0
347473,0,1,0,1,1,0,0,0,0,0,0
347474,0,1,0,0,2,0,0,0,2,0,0
347475,0,1,0,0,0,0,0,1,0,1,0
347476,0,1,0,0,0,0,0,1,0,0,0
347477,0,1,0,4,1,2,0,1,1,2,1
347478,0,1,0,0,0,0,0,1,0,0,0
347479,0,1,0,0,1,0,0,0,0,0,0
347480,0,1,0,0,0,0,0,0,0,0,0
347481,0,1,0,0,0,1,2,0,1,1,1
347482,0,1,0,0,1,0,0,0,0,0,0
347483,0,1,0,0,0,0,0,0,0,0,0
347484,0,1,0,0,0,0,1,0,0,0,0
347485,0,1,0,0,0,2,2,4,2,0,1
347486,0,1,0,0,0,1,0,0,0,0,0
347487,0,1,0,0,0,0,0,0,1,0,0
347488,0,1,0,0,2,0,0,0,0,0,0
347489,0,1,0,1,0,0,0,0,0,0,0
347490,0,1,0,0,0,0,0,0,1,0,0
347491,0,1,0,0,1,1,1,1,1,0,1
347492,0,1,0,1,0,2,0,2,0,0,0
347493,0,1,0,1,0,1,0,0,2,1,1
347494,0,1,0,0,0,0,1,0,1,0,0
347495,0,1,0,0,0,0,0,0,0,0,0
347496,0,1,0,0,1,0,0,0,0,0,0
347497,0,1,0,1,0,0,0,0,0,0,0
347498,0,1,0,0,0,0,0,0,2,0,0
347499,0,1,0,0,0,0,0,1,0,0,0
347500,0,1,0,0,0,0,0,0,0,0,0
347501,0,1,0,0,0,0,0,0,0,0,0
347502,0,1,0,0,0,0,0,0,0,0,0
347503,0,1,0,0,0,0,1,2,0,0,0
347504,0,1,0,1,1,1,1,0,0,0,0
347505,0,1,0,0,0,0,0,0,0,0,0
347506,0,1,0,0,0,0,0,0,0,0,0
347507,0,1,0,0,0,1,0,1,0,0,0
347508,0,1,0,2,1,0,0,0,0,0,0
347509,0,1,0,0,0,0,1,0,0,0,0
347510,0,1,0,0,1,0,1,1,0,0,0
347511,0,1,0,1,0,0,1,0,0,0,0
347512,0,1,0,0,0,0,0,0,0,0,0
347513,0,1,0,0,0,0,0,0,1,1,0
347514,0,1,0,3,2,2,0,1,2,0,1
347515,0,1,0,0,0,0,1,0,0,0,0
347516,0,1,0,0,0,0,0,0,0,0,0
347517,0,1,0,0,0,0,0,0,0,0,0
347518,0,1,0,0,0,0,1,2,1,0,0
347519,0,1,0,0,0,0,0,0,0,0,0
347520,0,1,0,1,0,0,0,0,0,0,0
347521,0,1,0,0,0,0,0,1,0,0,0
347522,0,1,0,0,0,2,0,0,1,0,0
347523,0,1,0,2,1,1,2,0,1,1,1
347524,0,1,0,0,0,0,0,0,0,1,0
347525,0,1,0,0,0,0,1,0,0,0,0
347526,0,1,0,0,0,0,0,0,0,0,0
347527,0,1,0,0,1,0,0,1,0,0,0
347528,0,1,0,0,0,1,0,0,1,1,0
347529,0,1,0,2,0,1,1,0,0,1,1
347530,0,1,0,0,0,0,0,0,0,0,0
347531,0,1,0,0,0,0,0,0,1,0,0
347532,0,1,0,0,0,0,0,0,0,0,0
347533,0,1,0,1,1,0,1,0,0,0,0
347534,0,1,0,0,0,0,0,1,0,0,0
347535,0,1,0,0,0,0,0,0,0,0,0
347536,0,1,0,0,0,0,0,0,0,0,0
347537,0,1,0,0,0,1,1,0,0,0,0
347538,0,1,0,2,0,0,0,0,0,0,0
347539,0,1,0,1,2,1,5,0,2,0,1
347540,0,1,0,0,0,0,0,0,0,0,0
347541,0,1,0,0,0,1,0,0,0,0,0
347542,0,1,0,0,0,0,0,0,0,0,0
347543,0,1,0,0,0,0,0,0,0,0,0
347544,0,1,0,0,0,1,1,0,0,0,0
347545,0,1,0,1,0,0,0,0,0,0,0
347546,0,1,0,0,0,0,0,0,1,0,0
347547,0,1,0,1,0,0,0,0,0,0,0
347548,0,1,0,0,1,0,0,0,0,1,0
347549,0,1,0,1,2,0,0,1,1,1,0
347550,0,1,0,3,0,1,2,1,1,1,1
347551,0,1,0,0,0,0,0,2,1,0,0
347552,0,1,0,0,0,1,0,0,0,0,0
347553,0,1,0,0,0,1,0,0,0,0,0
347554,0,1,0,1,0,0,0,0,0,0,0
347555,0,1,0,0,0,0,1,0,1,0,0
347556,0,1,0,1,2,1,0,1,0,0,0
347557,0,1,0,0,1,1,0,0,2,0,0
347558,0,1,0,0,0,0,0,0,0,0,0
347559,0,1,0,0,0,1,0,1,1,0,0
347560,0,1,0,0,0,0,0,0,1,0,0
347561,0,1,0,0,0,0,1,0,0,0,0
347562,0,1,0,0,0,0,0,0,0,0,0
347563,0,1,0,0,0,0,0,0,0,0,0
347564,0,1,0,0,1,0,1,0,0,0,0
347565,0,1,0,1,0,0,0,0,0,0,0
347566,0,1,0,0,0,0,0,0,0,0,0
347567,0,1,0,1,0,0,0,0,2,0,0
347568,0,1,0,0,0,0,0,0,0,0,0
347569,0,1,0,2,0,0,0,0,0,0,0
347570,0,1,0,0,1,1,0,0,0,0,0
347571,0,1,0,0,1,1,0,0,0,0,0
347572,0,1,0,2,1,0,1,0,2,1,1
347573,0,1,0,0,0,0,0,0,0,0,0
347574,0,1,0,2,0,0,1,0,1,0,1
347575,0,1,0,1,0,0,0,0,0,1,0
347576,0,1,0,0,1,1,0,2,3,3,1
347577,0,1,0,0,0,0,0,0,0,1,0
347578,0,1,0,0,0,0,0,0,0,0,0
347579,0,1,0,0,0,2,1,0,1,1,1
347580,0,1,0,0,0,0,0,0,0,1,0
347581,0,1,0,1,0,0,0,0,0,0,0
347582,0,1,0,0,0,0,0,0,0,0,0
347583,0,1,0,1,0,0,1,2,0,3,1
347584,0,1,0,0,1,1,0,0,0,0,0
347585,0,1,0,2,1,1,1,2,2,2,1
347586,0,1,0,0,0,0,0,0,0,0,0
347587,0,1,0,0,0,0,1,0,0,0,0
347588,0,1,0,0,0,0,0,1,0,0,0
347589,0,1,0,2,1,1,0,1,1,1,1
347590,0,1,0,0,1,0,0,0,2,1,0
347591,0,1,0,0,0,0,0,1,0,1,0
347592,0,1,0,3,1,1,2,1,1,1,1
347593,0,1,0,1,0,0,0,0,1,0,0
347594,0,1,0,2,2,2,1,1,0,0,1
347595,0,1,0,0,0,0,0,0,0,0,0
347596,0,1,0,1,0,0,0,0,0,0,0
347597,0,1,0,0,0,0,0,0,0,0,0
347598,0,1,0,2,0,1,0,0,0,0,0
347599,0,1,0,0,1,0,0,1,0,0,0
347600,0,1,0,0,0,0,0,1,0,0,0
347601,0,1,0,0,0,1,0,0,1,0,0
347602,0,1,0,0,0,1,0,1,0,0,0
347603,0,1,0,0,0,0,0,0,0,1,0
347604,0,1,0,2,2,1,0,1,1,0,1
347605,0,1,0,0,0,0,0,0,0,0,0
347606,0,1,0,0,1,2,3,3,0,0,1
347607,0,1,0,0,0,0,0,0,0,1,0
347608,0,1,0,2,2,1,1,0,1,3,1
347609,0,1,0,0,5,2,1,1,0,1,1
347610,0,1,0,0,0,0,0,0,0,0,0
347611,0,1,0,0,0,0,0,0,1,1,0
347612,0,1,0,0,1,0,0,0,0,0,0
347613,0,1,0,0,0,0,1,1,0,0,0
347614,0,1,0,0,0,0,0,0,0,0,0
347615,0,1,0,0,0,0,0,1,1,0,0
347616,0,1,0,1,0,0,0,0,1,0,0
347617,0,1,0,0,0,0,0,0,0,0,0
347618,0,1,0,0,0,0,0,1,1,0,0
347619,0,1,0,0,0,1,1,0,0,0,0
347620,0,1,0,0,0,0,0,2,0,0,0
347621,0,1,0,1,2,1,2,3,0,0,1
347622,0,1,0,1,1,1,0,1,0,0,0
347623,0,1,0,0,1,0,0,0,1,0,0
347624,0,1,0,0,1,0,1,0,0,0,0
347625,0,1,0,0,0,0,0,0,0,0,0
347626,0,1,0,0,0,0,0,0,1,0,0
347627,0,1,0,0,0,0,0,1,0,0,0
347628,0,1,0,0,0,0,0,0,1,0,0
347629,0,1,0,0,0,0,1,0,0,0,0
347630,0,1,0,0,0,0,0,0,0,0,0
347631,0,1,0,2,0,0,0,0,0,0,0
347632,0,0,1,0,1,0,0,0,1,0,0
347633,0,0,1,0,0,0,0,0,0,0,0
347634,0,0,1,0,0,0,0,1,0,0,0
347635,0,0,1,1,0,0,1,0,0,0,0
347636,0,0,1,0,0,0,0,0,0,0,0
347637,0,0,1,0,0,1,0,0,0,0,0
347638,0,0,1,0,2,0,0,0,0,0,0
347639,0,0,1,1,0,0,0,0,1,0,0
347640,0,0,1,0,0,0,0,0,1,0,0
347641,0,0,1,2,2,0,0,0,1,0,1
347642,0,0,1,0,0,1,1,0,0,0,0
347643,0,0,1,0,1,0,0,0,0,0,0
347644,0,0,1,1,0,0,0,1,0,0,0
347645,0,0,1,0,0,1,0,0,0,1,0
347646,0,0,1,1,1,1,3,0,4,1,1
347647,0,0,1,0,0,0,0,0,0,0,0
347648,0,0,1,1,0,0,0,0,0,0,0
347649,0,0,1,1,0,0,0,0,1,0,0
347650,0,0,1,0,0,0,0,0,0,0,0
347651,0,0,1,1,0,0,1,0,0,0,0
347652,0,0,1,0,0,0,0,1,0,0,0
347653,0,0,1,0,0,0,0,0,0,0,0
347654,0,0,1,0,0,0,0,0,0,0,0
347655,0,0,1,1,0,0,0,0,0,0,0
347656,0,0,1,0,0,0,0,0,0,0,0
347657,0,0,1,0,1,1,1,1,0,0,0
347658,0,0,1,0,0,0,0,0,0,0,0
347659,0,0,1,0,0,0,0,0,0,0,0
347660,0,0,1,0,0,0,0,0,0,0,0
347661,0,0,1,0,0,1,0,1,1,0,0
347662,0,0,1,0,0,0,0,0,0,0,0
347663,0,0,1,0,0,1,0,0,0,1,0
347664,0,0,1,1,2,0,2,0,0,0,0
347665,0,0,1,0,0,0,0,0,0,1,0
347666,0,0,1,0,0,0,1,0,0,0,0
347667,0,0,1,0,0,0,0,0,0,0,0
347668,0,0,1,0,0,0,0,0,0,0,0
347669,0,0,1,0,0,0,0,0,0,0,0
347670,0,0,1,0,0,0,0,1,0,1,0
347671,0,0,1,0,0,0,0,0,1,0,0
347672,0,0,1,0,0,0,0,0,0,0,0
347673,0,0,1,0,1,0,0,0,0,0,0
347674,0,0,1,1,0,0,1,1,0,0,0
347675,0,0,1,0,0,0,0,0,0,1,0
347676,0,0,1,0,0,0,0,1,0,0,0
347677,0,0,1,0,0,1,0,0,0,0,0
347678,0,0,1,1,1,2,1,1,0,0,0
347679,0,0,1,0,0,0,0,0,0,0,0
347680,0,0,1,0,1,0,0,0,0,1,0
347681,0,0,1,0,1,0,1,0,1,0,0
347682,0,0,1,1,0,0,0,1,1,0,0
347683,0,0,1,0,0,0,0,0,1,1,0
347684,0,0,1,0,1,1,0,0,1,0,0
347685,0,0,1,0,0,1,1,0,0,0,0
347686,0,0,1,0,0,0,1,0,0,0,0
347687,0,0,1,0,0,0,0,0,1,0,0
347688,0,0,1,0,1,0,0,0,0,0,0
347689,0,0,1,0,0,0,2,0,0,0,0
347690,0,0,1,0,1,0,1,0,0,0,0
347691,0,0,1,1,0,0,0,0,0,0,0
347692,0,0,1,0,0,0,0,0,0,1,0
347693,0,0,1,0,0,0,0,0,0,1,0
347694,0,0,1,0,0,0,0,0,0,0,0
347695,0,0,1,1,0,0,0,1,0,0,0
347696,0,0,1,1,0,0,0,0,1,0,0
347697,0,0,1,0,1,0,1,0,0,0,0
347698,0,0,1,0,0,0,0,0,0,0,0
347699,0,0,1,0,0,0,0,0,0,0,0
347700,0,0,1,0,0,0,1,0,2,0,0
347701,0,0,1,1,1,0,0,0,0,0,0
347702,0,0,1,0,0,0,0,0,0,1,0
347703,0,0,1,0,0,0,0,0,0,0,0
347704,0,0,1,0,1,0,0,0,0,0,0
347705,0,0,1,0,1,0,0,1,0,0,0
347706,0,0,1,0,0,0,0,0,0,0,0
347707,0,0,1,0,1,0,0,1,0,0,0
347708,0,0,1,0,0,0,0,0,0,1,0
347709,0,0,1,1,0,0,0,0,1,0,0
347710,0,0,1,0,1,0,0,0,0,0,0
347711,0,0,1,0,0,0,1,1,0,0,0
347712,0,0,1,0,0,1,1,0,0,0,0
347713,0,0,1,0,1,0,0,0,0,0,0
347714,0,0,1,0,1,0,0,0,0,0,0
347715,0,0,1,0,0,0,0,0,1,0,0
347716,0,0,1,0,2,1,1,1,2,1,1
347717,0,0,1,0,0,0,0,1,1,0,0
347718,0,0,1,0,1,0,0,0,0,0,0
347719,0,0,1,1,0,1,0,1,0,0,0
347720,0,0,1,0,0,0,0,0,0,0,0
347721,0,0,1,1,0,0,0,0,0,0,0
347722,0,0,1,0,1,0,0,0,0,1,0
347723,0,0,1,0,1,0,0,0,0,1,0
347724,0,0,1,3,0,0,1,1,0,0,0
347725,0,0,1,0,0,0,0,1,0,0,0
347726,0,0,1,0,0,1,0,0,0,0,0
347727,0,0,1,0,1,0,0,0,0,0,0
347728,0,0,1,0,3,0,1,1,1,1,1
347729,0,0,1,0,0,0,0,0,0,1,0
347730,0,0,1,0,0,0,0,0,0,0,0
347731,0,0,1,0,0,0,0,0,0,1,0
